Soil_Type,pH,Organic_Matter(%),Nitrogen_Content(kg/ha),Phosphorus_Content(kg/ha),Potassium_Content(kg/ha),Rainfall(mm),Temperature(Â°C),Crop_Type,Yield(kg/ha)
Loamy,5.18,3.11,120,20,222,365,38.6,Rice,2241.44
Loamy,8.5,3.45,192,138,241,859,34.2,Soybean,3027.53
Sandy,7.93,2.59,52,125,222,1445,34.1,Maize,1678
Clayey,8.39,2.49,182,33,117,503,22.2,Wheat,1671.3
Clayey,8.24,1.46,98,68,199,334,18,Soybean,2508.23
Clayey,7.97,2.63,71,112,147,458,27.4,Wheat,4983.64
Loamy,5.58,4.56,111,147,260,763,25.8,Soybean,1785.1
Loamy,6.7,4.08,154,133,213,1478,18.2,Cotton,4624.16
Silty,5.75,1.26,175,33,290,1496,28.3,Maize,2710.4
Loamy,6.4,0.88,192,72,145,1398,20.8,Rice,1051.87
Loamy,5.21,2.82,111,88,77,1323,29,Soybean,4337.72
Loamy,6.33,3.35,171,53,222,1658,31.7,Wheat,2534.19
Clayey,8.45,2.01,175,93,109,865,23.9,Maize,4544.06
Clayey,5.93,4.18,164,132,170,980,24.9,Rice,2503
Loamy,7.74,3.88,54,144,56,1423,33.6,Wheat,895.06
Clayey,6.59,3.53,73,51,208,1286,25.9,Maize,3568.68
Silty,6.48,1.51,125,27,276,803,26.5,Wheat,4304.85
Clayey,8.35,1.4,106,81,291,1129,16.9,Maize,1938.14
Silty,8.48,0.61,153,60,193,1235,22.8,Rice,2063.41
Sandy,6.95,1.6,112,99,133,1439,25.7,Rice,792.23
Loamy,7.51,2.64,128,23,284,1081,25.1,Wheat,2939.77
Clayey,5.54,4.32,198,124,206,403,31,Maize,4510.99
Silty,6.04,0.83,144,43,106,1824,22.2,Soybean,4331.13
Sandy,8.39,2.36,171,77,215,1637,25.1,Rice,3703.14
Sandy,7.03,3.33,191,49,66,434,39.2,Soybean,4672.96
Clayey,6.9,1.37,185,138,212,1946,19.3,Soybean,3369.65
Clayey,7.62,3.63,138,50,260,1540,38.7,Cotton,4071.63
Sandy,5.2,2.72,158,59,168,1533,26.5,Wheat,2789.4
Loamy,7.04,1.6,190,147,282,1997,32.2,Wheat,1046.13
Loamy,6.76,3.45,134,94,229,1774,24,Wheat,1404.41
Silty,7.98,0.52,140,150,127,1329,25.9,Maize,1124.95
Loamy,5.55,3.88,166,89,216,1676,17.6,Rice,4056.68
Sandy,8.36,3.97,119,126,154,1972,25.9,Rice,618.28
Sandy,5.28,0.98,128,143,79,640,25,Cotton,2993.1
Sandy,5.65,2.41,114,140,85,1080,17,Cotton,2160.1
Loamy,7.08,1.29,109,82,61,1124,36.8,Cotton,4116.48
Silty,7.36,4.81,80,136,292,667,33.6,Soybean,2982.41
Loamy,5.82,2.83,99,57,59,1047,20.5,Wheat,3253.77
Silty,5.42,0.73,130,118,127,894,34.5,Maize,887.97
Loamy,8.12,1.62,80,68,176,1894,16.9,Rice,1891.81
Sandy,5.86,4.32,187,150,79,1128,30.8,Maize,4998.18
Sandy,7.08,2.55,97,54,74,1016,28.3,Wheat,3734.91
Clayey,7.17,4.11,99,37,110,1051,19.8,Wheat,2865.63
Loamy,6.47,3.5,105,90,277,1694,34.4,Rice,3961.24
Loamy,7.04,4.95,173,126,187,394,23.8,Soybean,4205.03
Clayey,6.83,3.18,120,107,84,840,39,Cotton,831.88
Sandy,8.27,4.78,200,149,149,1074,31.1,Soybean,4875.71
Loamy,5.71,4.51,184,88,166,840,18.7,Wheat,3390.52
Clayey,7.51,3.26,122,20,144,1562,17.6,Wheat,2524.89
Loamy,5.84,3.74,75,92,221,722,21.4,Soybean,3560.49
Silty,6.39,2.77,99,96,293,966,19.3,Cotton,2050.32
Sandy,7.35,4.24,125,145,240,512,18.8,Cotton,4450.82
Silty,6.05,2.97,108,58,228,1606,34,Wheat,4011.18
Sandy,6.11,4.54,142,134,292,1171,16.9,Cotton,3379.07
Clayey,7.63,3.85,95,143,188,337,38.8,Cotton,1318.83
Sandy,5.25,2.64,127,108,157,386,30.7,Rice,4848.19
Sandy,6.6,1.67,53,105,200,1903,26.6,Rice,2446.78
Clayey,8.49,1.61,186,116,240,374,29.1,Maize,4598.21
Sandy,8.49,3.37,82,136,236,390,29.5,Soybean,749.36
Loamy,5.26,3.95,120,102,89,1084,32,Wheat,1058.73
Clayey,5.75,2.85,61,68,276,397,37.1,Cotton,1188.57
Clayey,5.93,3.32,63,81,156,1724,31.1,Maize,1240.96
Clayey,8.27,1.74,191,118,217,1713,39.7,Rice,1951.97
Silty,8.08,0.85,124,79,75,963,23.1,Cotton,3691.99
Silty,8.08,1.79,82,125,263,1862,39.3,Soybean,2057.1
Sandy,6.29,1.72,175,31,175,466,22.9,Rice,4734.07
Clayey,5.55,1.94,76,101,207,1339,26,Wheat,4527.17
Sandy,7.92,2.93,53,141,154,322,26.7,Cotton,4306.7
Loamy,7.46,1.12,196,117,290,1401,30.8,Maize,1627.72
Clayey,7.14,1.54,122,118,293,1350,34.9,Wheat,3357.76
Loamy,8.46,3.62,170,58,121,1350,29.8,Cotton,2978.79
Sandy,7.29,3.68,172,146,58,875,23.8,Cotton,1063.27
Silty,5.03,0.79,162,29,226,1572,16.9,Cotton,1862.71
Sandy,7.86,2.33,137,52,144,450,26.5,Cotton,2900.65
Loamy,6.05,2.94,97,148,105,1041,15.9,Cotton,2761.58
Clayey,7.32,2.37,63,104,163,924,24.2,Wheat,1258.86
Sandy,8.29,1.43,114,45,163,1989,22.2,Soybean,4737.23
Clayey,5.47,2.39,172,132,293,1562,31.1,Soybean,1193.87
Silty,5.4,4.57,79,45,110,1736,39.4,Wheat,3464.3
Silty,5.37,3.13,66,136,268,1066,17.3,Soybean,3742.85
Silty,6.94,3.63,152,23,142,1977,29.9,Maize,3223.13
Clayey,5.95,4.36,175,56,75,1676,24.6,Maize,4291.39
Sandy,7.12,3.95,68,124,225,305,29.5,Wheat,3036.28
Clayey,7.51,2.21,197,59,144,789,38.9,Maize,4213.56
Clayey,5.71,0.53,63,39,189,1429,33.5,Wheat,627.68
Sandy,7.22,2.08,88,140,280,839,16,Maize,704.58
Silty,5.92,3.89,88,87,300,920,37.7,Rice,3386.54
Silty,6.71,4.34,194,106,215,412,29.3,Wheat,3095.47
Sandy,8.17,4.79,127,121,141,1383,19.7,Cotton,3430.08
Clayey,7.96,2.39,71,40,65,1239,30.1,Maize,3951.32
Clayey,5.32,3.86,113,104,151,635,27.5,Rice,2374.64
Silty,6.48,2.96,80,117,120,516,38.9,Wheat,3375.46
Loamy,5.97,3.21,192,101,98,1544,26.3,Maize,2741.17
Loamy,5.01,1.49,156,144,297,1187,35.3,Cotton,3322.24
Loamy,7.7,1.49,107,29,81,659,35.9,Maize,1803.52
Clayey,7.23,2.46,183,37,292,1935,39.6,Rice,4804.93
Clayey,5.92,0.63,147,80,267,421,17.1,Soybean,2673.25
Silty,7.59,2.01,165,93,260,917,31.2,Soybean,4121.1
Loamy,6.93,3.56,163,78,166,1931,16,Rice,3582.46
Silty,6.5,2.32,126,43,73,1339,32.7,Rice,1838.45
Silty,5.03,1.24,200,131,219,952,39.8,Wheat,828.38
Silty,5.26,2.6,159,45,104,435,28.1,Soybean,769.61
Sandy,8.09,1.07,128,45,214,1761,30.2,Wheat,2478.22
Loamy,8.16,3.3,195,133,213,770,24.1,Maize,2679.13
Loamy,6.91,0.62,65,62,202,1375,37.9,Rice,1418.1
Sandy,7.92,2.27,75,96,298,663,24.7,Wheat,3229.97
Sandy,7.04,3.04,103,27,55,1853,34.4,Rice,1906.62
Loamy,5.52,0.62,104,31,62,1078,32,Wheat,3732.63
Sandy,5.45,3.39,117,103,251,1930,16.3,Maize,3803.9
Silty,6.08,1.11,70,34,135,1348,30.8,Maize,4373.5
Clayey,8.15,2.58,90,95,112,1771,23.4,Cotton,4889.18
Silty,7.79,0.73,111,111,82,1876,23.2,Soybean,1088.45
Loamy,8.01,2.21,94,115,251,1473,28.9,Cotton,2167.43
Sandy,8.15,1.45,191,130,194,1456,24.7,Soybean,3027.43
Clayey,5.74,1.97,69,57,102,1582,21.3,Maize,1936.02
Loamy,5.87,3.93,90,82,67,1516,36.3,Wheat,2599.13
Sandy,5.36,2.21,50,125,262,1340,39.1,Rice,1703.62
Clayey,7.73,3.88,154,66,245,253,30.1,Maize,1615.63
Clayey,8.09,4.24,165,63,191,1447,18.8,Maize,935.65
Sandy,6.42,1.64,170,64,103,1547,17,Wheat,1805.95
Clayey,7.17,0.87,124,40,200,1898,31.6,Maize,2228.67
Loamy,5.54,0.59,58,117,105,1620,37.9,Maize,3269.2
Sandy,8.25,2.93,109,81,258,747,22.8,Wheat,1617.22
Silty,8.03,5,123,147,272,259,31.4,Maize,4393.88
Loamy,8.42,2.07,122,56,109,569,31.6,Soybean,1218.65
Loamy,7.84,3.43,166,79,134,759,18.2,Soybean,1973.46
Sandy,8.08,4.02,68,138,248,1639,32.7,Soybean,3099.59
Sandy,5.09,3.43,109,85,87,1761,17.1,Soybean,1907.22
Clayey,7.58,3.89,117,137,251,832,29,Maize,3934.05
Loamy,6.16,4.77,200,85,280,895,31.1,Rice,2742.19
Clayey,8.26,1.4,100,22,202,918,23.2,Soybean,2816.26
Loamy,7.81,0.59,158,139,50,212,18.2,Soybean,2744.42
Loamy,8.02,1.19,79,93,120,571,32.6,Maize,1888.43
Silty,7.84,1.07,189,60,269,1981,38.7,Cotton,604.29
Loamy,5.93,3.51,107,38,87,493,39.9,Maize,4753.55
Clayey,7.76,3.04,88,133,83,1359,37.8,Wheat,2774.5
Clayey,5.38,1.48,118,108,188,1546,17.3,Soybean,4850.09
Silty,8.05,3.65,86,96,114,1020,31.8,Wheat,1468.15
Clayey,8.01,3.95,68,128,254,342,27.7,Soybean,2088.03
Sandy,5.78,1.26,65,84,94,490,15.5,Cotton,727.43
Silty,7.86,3.23,92,136,78,1717,22.7,Rice,2727.02
Clayey,6.61,3.87,128,97,219,1496,38.8,Cotton,4470.53
Clayey,6.07,1.02,195,70,271,262,23.5,Maize,3444.17
Sandy,7.78,4.19,123,118,56,387,34.2,Maize,2617.64
Silty,5.8,4.84,162,143,83,1728,19.8,Wheat,2915.11
Sandy,5.08,0.99,81,47,53,1286,40,Wheat,4312.28
Silty,5.68,0.62,169,80,141,640,18.9,Maize,2439.17
Silty,6.15,1.9,127,117,252,970,22.4,Maize,4471.05
Loamy,8.03,3.55,153,111,251,1059,34.7,Maize,3773.79
Clayey,8.38,4.81,119,95,110,1129,27.7,Soybean,3937.36
Clayey,5.98,2.28,178,95,200,898,28.5,Cotton,2146.72
Loamy,7.25,3.72,188,25,132,522,33.5,Soybean,2302.62
Sandy,6.4,0.84,176,121,54,957,28.2,Rice,3066.27
Loamy,8.43,3.61,162,90,94,838,31.5,Soybean,1375.95
Clayey,6.88,3.32,70,22,117,1677,36.9,Maize,2989.5
Clayey,8.29,0.96,60,32,63,864,30.5,Soybean,830.89
Loamy,5.4,3.98,160,147,82,1790,29.9,Wheat,2769.15
Loamy,8.4,4.33,132,93,239,1362,18.9,Maize,3939.82
Loamy,5.62,3.2,114,78,157,1421,19.5,Cotton,1758.74
Clayey,8.37,1.04,56,110,184,373,32.3,Soybean,4950.91
Loamy,5.93,4.93,73,76,79,307,30.6,Maize,3561.79
Loamy,5.38,4.02,108,68,240,518,37.6,Wheat,1034.65
Sandy,6.52,2.06,197,84,66,522,33,Wheat,4887.87
Loamy,7.55,2.43,200,55,171,1745,16.1,Soybean,2272.57
Clayey,6.1,2.17,55,44,164,1465,24.1,Maize,4077.04
Sandy,7.12,2.78,118,30,249,301,33,Cotton,2025.88
Silty,6.79,2.04,197,99,142,1580,39.2,Rice,4725.27
Clayey,6.35,4.32,60,132,181,367,30.3,Wheat,3897.34
Clayey,7.02,4.2,94,28,201,757,33.8,Rice,1395.76
Silty,5.89,0.97,170,113,77,1107,34.6,Cotton,2791.05
Clayey,7.48,4.82,182,53,165,1555,20.9,Soybean,2750.35
Silty,5.01,3.36,163,43,178,1068,21,Wheat,703.87
Silty,8.24,4.23,121,95,106,1194,39.1,Rice,1116.66
Clayey,6.88,3.68,96,103,292,1443,34.6,Wheat,1998.68
Loamy,7.52,2.46,199,126,207,1105,37.6,Rice,2631.85
Loamy,7.6,3.8,161,64,61,1048,19.9,Maize,2556.45
Silty,7.35,4.84,175,71,236,759,32,Maize,3228.17
Sandy,6.27,1.72,73,53,250,641,29.3,Soybean,2819.78
Silty,5.24,4.14,170,113,282,1746,26,Cotton,1975.85
Silty,7.32,2.92,139,148,271,1249,34.2,Wheat,3258.81
Silty,6.16,2.68,154,89,218,433,34.5,Cotton,1231.26
Loamy,6.1,2.46,135,62,183,906,27.6,Rice,4957.77
Loamy,7.97,3.79,132,85,127,1080,25.5,Soybean,3826.94
Loamy,7.52,1.71,76,143,167,427,19.1,Maize,1846.55
Silty,6.05,4.33,91,95,214,780,20,Maize,2013.68
Sandy,6.08,4.24,134,106,296,1588,30.1,Soybean,4227.3
Loamy,6.43,0.89,155,49,57,1589,36.8,Wheat,2895.53
Clayey,6.41,4.47,176,139,65,1414,16.3,Cotton,3689.33
Clayey,6.03,1.6,123,39,172,1196,27,Rice,1849.06
Clayey,5.45,2.59,152,56,266,1279,24.3,Cotton,4170.87
Silty,6.47,3.25,190,77,152,1566,38.4,Maize,2157.61
Clayey,8.29,2.21,59,121,159,831,32.8,Soybean,3532.13
Silty,7.37,0.63,166,113,225,293,27.9,Maize,4909.54
Clayey,8.16,4.33,72,43,77,651,18.1,Maize,3126.66
Sandy,7.15,1.32,130,121,175,1009,17.1,Rice,4085.4
Silty,6.05,1.45,114,23,232,1427,19,Wheat,3763.96
Clayey,6.92,4.09,132,87,282,312,26.2,Wheat,3596.2
Loamy,5,2.03,79,51,163,215,27.8,Rice,619.91
Silty,6,4.46,153,136,68,618,35.8,Soybean,2635.66
Loamy,6.5,3.66,181,114,280,817,17.3,Cotton,4851.82
Clayey,7.95,3.14,60,131,287,982,25.6,Maize,996.51
Loamy,7.17,4.02,51,121,240,1589,16.4,Rice,2163.14
Silty,8.03,1.01,196,83,64,846,24.3,Wheat,1803.16
Clayey,8.33,1.17,150,61,263,1285,26.3,Soybean,2852.5
Silty,6.7,3.05,187,119,183,1598,27.5,Maize,1029.84
Clayey,5.68,3.12,190,116,126,284,35.7,Rice,1872.16
Clayey,6.34,4.84,71,76,194,399,26.8,Soybean,2185.07
Loamy,6.97,0.95,128,87,235,1288,28.3,Soybean,1822.92
Loamy,7.29,0.98,103,40,223,1505,35.6,Cotton,625.9
Clayey,6.43,4.01,138,128,130,924,37.5,Rice,1142.91
Loamy,6.72,4.04,104,81,192,1929,26.3,Wheat,4027.07
Silty,7.49,4.4,155,89,187,1084,24.2,Wheat,2397.91
Sandy,6.55,4.46,181,92,54,1450,31.8,Cotton,4715.69
Silty,5.59,4.45,86,88,103,1535,32.3,Cotton,1873.24
Clayey,6.98,1.69,91,125,197,1957,39.5,Rice,1775.67
Silty,7.79,3.45,97,68,225,758,37.1,Wheat,1323.85
Clayey,5.77,3.07,106,37,134,886,19.7,Soybean,3828.47
Silty,5.11,2.63,114,66,254,753,37.1,Rice,509.39
Silty,5.79,1.27,99,54,284,746,17.2,Maize,2963.92
Loamy,6.01,2.31,79,94,277,1843,24.8,Rice,804.04
Clayey,7.73,3.28,96,48,253,401,19.5,Wheat,701.07
Clayey,6.98,3.56,195,136,140,722,39,Soybean,2665.29
Sandy,7.7,2.31,63,135,66,1540,16.9,Cotton,1893.66
Silty,6.73,2.28,190,89,298,1396,19.1,Soybean,2535.68
Silty,6.79,4.46,168,145,88,1001,17.8,Cotton,2020.2
Sandy,7,3.61,190,68,121,1144,18.7,Maize,2197.88
Clayey,5.94,0.72,68,102,265,1783,18.8,Rice,4255.07
Silty,6.9,2.64,124,24,57,1582,20.1,Wheat,4251.58
Sandy,8.47,1.71,67,58,136,1734,38.8,Maize,1097.64
Sandy,6.9,2.18,114,32,146,695,15.6,Rice,1123.35
Sandy,7.65,2.02,75,25,210,1703,25.4,Cotton,3364.07
Silty,7.66,4.07,100,67,186,1576,32.1,Wheat,3927.55
Clayey,6.54,1.9,198,46,265,1405,38.3,Wheat,3502.49
Clayey,5.76,4.29,174,92,92,1777,26.8,Cotton,1170.42
Sandy,6.49,4.36,134,88,196,599,25.5,Soybean,3775.39
Sandy,7.58,3.58,141,52,205,1264,33.4,Soybean,901.92
Clayey,7.29,4.88,82,132,149,891,15.5,Soybean,3311.47
Sandy,5.87,1.53,110,22,97,1587,19.7,Wheat,3306.15
Sandy,8.06,1.85,75,79,202,1613,15.6,Rice,2242.56
Clayey,5.11,3.85,122,43,79,568,35,Rice,4551.1
Silty,5.92,3.98,67,58,271,841,35.9,Rice,2025.49
Sandy,8.02,1.94,99,23,250,1321,28,Maize,706.19
Silty,5.3,3.78,131,146,242,221,23.4,Maize,3517
Sandy,8.03,3.22,174,75,128,1577,29.5,Soybean,2493.93
Sandy,5.41,0.9,165,107,230,217,31.4,Soybean,1748.19
Sandy,7.84,2.49,134,127,269,1903,34.7,Rice,898.38
Loamy,5.73,4.61,128,99,130,339,27.2,Soybean,1245.27
Silty,7.58,2.33,199,147,231,224,31.6,Rice,611.62
Silty,7.41,2.68,89,115,58,1042,28.3,Cotton,3335.49
Sandy,8.01,2.82,194,138,119,400,28.7,Rice,3972.18
Clayey,7.14,2.18,195,28,155,1275,26.5,Maize,1889.82
Sandy,6.5,0.75,143,104,72,412,29.2,Rice,3403.22
Loamy,7.16,4.06,130,40,177,1603,37.5,Soybean,3397.61
Sandy,7.75,0.8,159,57,274,1113,22.7,Rice,883.18
Loamy,7.85,3.69,93,34,110,919,34.7,Soybean,4798.26
Sandy,7.82,2.32,51,88,145,649,20.7,Rice,2938.25
Silty,7,4.01,130,120,165,1685,24.3,Wheat,3909.27
Sandy,6.86,2.86,113,38,262,780,22.2,Maize,4807.82
Silty,7.09,3.06,106,140,293,715,36.1,Maize,2847.89
Clayey,5.59,1.28,161,66,127,595,18.7,Rice,3877.51
Clayey,8.43,4.44,120,69,105,269,22.1,Cotton,2761.87
Sandy,6.02,1.4,142,84,184,248,38.9,Soybean,583.99
Sandy,7,0.76,84,117,127,1468,30.5,Rice,3462.14
Clayey,8.33,0.65,134,23,94,388,19,Maize,2893.37
Loamy,6.8,0.73,172,51,78,316,28.4,Cotton,4830.7
Clayey,8.15,2.12,168,83,145,1416,19.6,Soybean,1737.33
Clayey,7.85,1.4,164,118,250,1544,19.4,Wheat,1426.12
Loamy,5.47,2.16,141,133,59,1911,32.7,Wheat,4233.61
Clayey,7.63,2.59,128,83,249,644,37.6,Soybean,4275.13
Clayey,6.44,2.29,174,28,101,1427,34.9,Rice,3107.99
Loamy,5.21,4.65,191,70,283,1506,19,Maize,880.92
Loamy,5.97,3.57,77,137,73,449,17.9,Soybean,2900.95
Silty,7.3,1.59,94,44,163,1650,39.8,Rice,1941.94
Sandy,7.45,2.7,70,73,179,445,29.4,Soybean,3150.02
Silty,5.46,2.51,121,141,56,376,26,Soybean,2711.63
Loamy,5.51,4.82,85,119,254,1953,24.2,Cotton,4702.32
Clayey,6.13,2.64,187,99,173,1438,20.1,Maize,2029.8
Loamy,5.87,2.98,100,102,281,466,32.7,Wheat,1312.29
Clayey,7.95,2.05,117,60,178,969,31.6,Wheat,608.26
Silty,6.37,4.27,69,30,89,1544,39.5,Cotton,2875.56
Silty,5.5,1.66,69,51,98,1764,18.7,Wheat,2219.05
Silty,7.21,4.24,54,84,137,1526,26.2,Wheat,909.61
Clayey,7.2,0.91,179,143,286,1359,39.4,Maize,4909.04
Sandy,6.31,0.62,57,96,173,1844,28.3,Rice,2938.01
Sandy,5.26,0.72,198,70,237,578,18,Soybean,1784.08
Sandy,7.78,4.34,198,112,273,427,15.6,Maize,1322.01
Loamy,7.69,4.01,153,33,184,1624,38.3,Cotton,3957.37
Loamy,6.41,1.46,104,75,129,577,34.2,Cotton,1194.02
Clayey,7.62,1.5,59,48,248,718,38.7,Wheat,4784.74
Loamy,7.43,1.51,191,80,133,803,38.2,Wheat,3553.74
Clayey,8.07,1.43,116,131,86,1156,18.9,Maize,765.11
Silty,6.59,3.43,189,103,246,1552,39.3,Cotton,4825.06
Clayey,6.71,2.81,188,23,273,355,28.7,Cotton,1316.56
Loamy,7.04,4.39,170,62,75,1508,27.7,Soybean,3709.85
Silty,8.04,4.85,88,90,260,1128,31.2,Maize,1841.11
Silty,7.97,3.57,143,50,290,766,22.4,Soybean,944.35
Clayey,5.33,2.63,150,121,182,1775,37.4,Maize,1141.07
Sandy,8.4,1.1,107,82,223,1074,39.2,Rice,4518.55
Loamy,7.22,1.28,200,22,83,1617,33.9,Cotton,1660.7
Loamy,7.44,4.1,124,30,102,1567,39.9,Wheat,4737.1
Sandy,7.98,1.51,84,141,235,1776,31.7,Cotton,4547.76
Loamy,7.78,3.24,168,59,59,1777,35,Rice,733.45
Sandy,6.39,4.74,178,115,167,862,33.2,Maize,1578.3
Sandy,8.39,3.71,180,42,149,727,38.1,Rice,3186.52
Silty,7.89,3.69,73,83,232,531,23.5,Cotton,1564.21
Silty,6.73,1.74,151,60,271,1798,17.8,Soybean,2788.8
Clayey,6.13,4.53,143,147,183,351,27,Maize,2769.9
Silty,5.99,4.33,178,43,79,767,16,Soybean,4772.11
Sandy,6.92,2.57,52,106,51,1791,32,Rice,1711.79
Clayey,5.46,1.48,111,35,129,327,17.9,Wheat,1932.51
Loamy,7.98,1.86,92,35,288,983,15.6,Maize,2989.04
Sandy,7.76,2.84,181,111,61,995,30.4,Cotton,794.56
Clayey,8.13,3.31,85,59,225,881,20.5,Soybean,630.08
Silty,7.67,3.13,164,47,267,323,23.9,Rice,3350.94
Sandy,5.16,0.53,90,52,202,728,23.2,Maize,4611.81
Clayey,7.19,5,95,144,273,1864,30.2,Wheat,583.8
Loamy,7.93,4.85,194,79,72,742,19.9,Maize,2993.34
Sandy,5.06,4.28,194,101,135,564,28.2,Wheat,3137.78
Sandy,8.25,3.03,87,108,169,1102,34.5,Rice,956.79
Clayey,5.55,3.17,173,132,277,342,34.2,Soybean,3933.4
Clayey,6.6,1.77,141,69,61,1207,19.9,Maize,3431.98
Silty,8.47,3.58,60,25,76,610,17.1,Maize,1065.07
Silty,6.5,2.67,106,116,183,1449,36.2,Soybean,3057.11
Sandy,8.48,2.01,174,111,246,1004,31.9,Maize,2506.92
Loamy,8.18,1.74,109,54,218,565,38.9,Maize,4308.25
Silty,8.09,1.96,66,84,240,1521,39.4,Cotton,2751.95
Loamy,6.06,1.75,117,30,129,1207,24.9,Maize,4022.97
Clayey,8.06,3.45,144,144,55,422,27.3,Cotton,1140.65
Clayey,8.07,4.78,109,132,197,494,30.1,Maize,2931.98
Silty,5.33,3.43,60,95,244,1307,27.8,Soybean,1256.85
Sandy,6.26,1.35,102,145,129,1774,16.4,Rice,1603.23
Clayey,5.29,2.83,182,68,213,1083,31.7,Maize,4786.76
Loamy,7.33,1.58,142,67,278,647,24.9,Soybean,4826.08
Sandy,7.27,0.76,149,109,103,1457,32.9,Rice,2998.19
Silty,5.18,4.36,170,102,132,1517,25.7,Cotton,688.06
Clayey,7.19,4.15,166,139,101,417,24.7,Soybean,4156.9
Silty,7.54,2.32,61,90,99,1104,15.3,Wheat,4825.01
Sandy,7.64,1.94,60,61,123,1665,23.6,Rice,3293.28
Sandy,6.5,1.13,132,37,120,730,22.7,Rice,3438.76
Sandy,5.32,0.61,76,59,186,411,26.1,Wheat,1253.22
Loamy,5.33,2.74,183,135,131,271,29,Rice,770.79
Sandy,5.75,1.83,120,95,247,349,20.4,Rice,4648.15
Sandy,5.27,4.58,117,87,162,344,37.2,Wheat,1729.86
Clayey,7.08,2.32,198,113,221,1370,33.5,Soybean,1629
Loamy,6.82,3.82,189,136,80,1690,25.4,Maize,3559.99
Loamy,6.56,3.12,195,20,119,713,26.1,Rice,4996.59
Silty,5.03,4.98,94,149,88,1791,19.1,Soybean,4290.97
Sandy,6.2,4.17,146,117,90,1113,33.2,Soybean,1457.39
Clayey,5.42,2.04,146,67,120,238,37.4,Wheat,4283.08
Silty,8.01,3.71,143,24,79,1219,33.2,Soybean,1765.9
Sandy,7.43,3.59,200,113,53,504,25.4,Wheat,1226.37
Loamy,6.67,3.37,69,81,295,1537,35.9,Soybean,2903.4
Sandy,5.8,2.64,182,102,209,1511,29.9,Maize,814.71
Sandy,5.31,4.73,114,36,193,201,18.6,Cotton,903.72
Clayey,7.82,2.11,146,119,181,277,22.6,Soybean,3642.93
Clayey,5.36,1.85,107,68,76,1561,39.7,Soybean,4237.24
Clayey,6.29,1.26,182,147,102,999,28.1,Soybean,3762.83
Silty,6.05,3.46,153,59,188,745,23.4,Wheat,4994.7
Clayey,6.34,3.01,140,92,139,510,38.3,Rice,4452.26
Silty,7.85,1.82,138,102,190,1633,29.8,Wheat,1448.83
Sandy,8.06,2.62,174,124,131,875,24.4,Maize,2771.69
Silty,7.25,3.83,173,102,119,1001,15.2,Wheat,4109.25
Silty,7.37,3.76,51,48,86,1376,31,Rice,4477.69
Clayey,5.24,3.02,178,44,291,207,21.8,Maize,4754.34
Clayey,6.97,4.61,85,37,230,1255,19.4,Rice,3358.26
Loamy,7.14,4.76,162,31,255,1649,26.6,Rice,4908.38
Silty,5.57,4.55,92,53,122,1778,29.2,Cotton,3684.89
Sandy,6.23,3.44,108,65,196,1204,37.9,Maize,1728.56
Loamy,5.75,1.5,69,28,112,1179,20,Cotton,3480.25
Loamy,7.62,1.5,181,71,93,1093,35.8,Cotton,1947.37
Loamy,8.22,4.42,121,47,68,1027,22.2,Rice,1447.81
Clayey,7.16,2.39,104,144,129,1928,27.3,Cotton,4815.47
Clayey,6.55,4.49,88,69,206,1690,35.6,Wheat,1978.06
Clayey,5.76,2.17,97,45,278,1799,22.5,Cotton,4613.08
Sandy,8.14,3.14,90,28,136,1863,29.6,Cotton,1101.77
Silty,5.49,2.59,142,119,188,1808,27.4,Rice,4650.16
Loamy,5.43,1.03,80,145,163,343,33.5,Soybean,3239.54
Clayey,7.56,0.74,108,85,62,1306,20.6,Wheat,519.26
Silty,6.23,3.35,156,32,83,662,34.8,Rice,543.1
Loamy,6.5,3.11,134,113,57,206,18.9,Soybean,1280.91
Silty,7.77,3.29,79,76,170,987,22.5,Wheat,3001.06
Loamy,5.87,2.62,173,38,281,1611,31,Maize,3634.2
Silty,7.26,1.38,172,23,222,1875,30.9,Wheat,2700.4
Clayey,5.87,1.04,172,73,62,1797,18.1,Maize,2267.56
Silty,7.1,3.56,103,145,77,1187,31.6,Wheat,865.17
Silty,7.52,2.88,91,40,148,448,22.2,Soybean,4445.24
Loamy,6,2.36,155,139,63,1361,19.5,Maize,3430.7
Silty,8.29,4.42,55,35,72,1296,37.7,Cotton,2923.92
Sandy,5.09,1.18,112,112,159,935,31.1,Wheat,4516.57
Loamy,7.96,4.97,61,126,150,882,15.7,Maize,4172.25
Silty,8.07,2.04,82,114,95,1596,34.1,Rice,2503.3
Sandy,5.72,4.94,196,34,230,820,27.3,Wheat,1055.37
Loamy,7.12,4.52,91,88,202,1020,39.3,Wheat,4874.18
Clayey,5.66,4.94,84,30,278,313,30,Soybean,2193.69
Loamy,6.37,1.14,181,38,201,1494,24,Soybean,3205.9
Loamy,7.26,4.38,60,97,211,1525,27,Soybean,2240.38
Silty,7.74,1.31,196,39,264,385,25.9,Maize,4276.16
Sandy,7.78,0.86,87,75,226,948,21.4,Cotton,4153.41
Loamy,5.84,2,64,44,229,1294,32.1,Wheat,4927.08
Loamy,6.35,4.94,92,45,164,1947,39.4,Maize,1061.44
Loamy,5.84,1.91,116,79,207,896,35.5,Wheat,2167.16
Silty,7.23,0.76,96,118,141,364,24.3,Cotton,1368.46
Loamy,5.25,2.53,182,68,129,1922,33.3,Soybean,542.13
Sandy,8.11,1.44,153,69,135,1141,15.4,Maize,3844.15
Silty,5.04,3.98,194,83,259,1757,21.5,Cotton,3912.89
Clayey,6.26,3.09,54,65,100,1769,29.5,Rice,3562.49
Clayey,6.11,1.21,122,126,232,793,18.7,Rice,3691.39
Silty,6.35,4.03,71,47,244,1526,26.5,Wheat,1361.8
Sandy,7.94,4.01,105,111,221,615,32.3,Maize,4173.26
Silty,6.47,1.08,164,137,257,561,23.9,Maize,3313.56
Silty,6.91,2.45,170,129,186,1335,16.3,Wheat,4137.87
Silty,5.6,2.43,173,46,70,280,24,Wheat,1495.16
Silty,6.65,2.43,93,62,299,986,30.9,Cotton,4910.54
Loamy,8.46,2.65,106,66,286,1553,38.9,Cotton,4852.83
Clayey,5.26,0.52,155,122,243,591,16.2,Soybean,665.58
Sandy,7.06,2.9,86,149,245,812,22.3,Wheat,2717.77
Loamy,5.05,3.79,199,106,169,1625,31,Soybean,3668.21
Clayey,5.76,4.78,96,60,195,998,16.9,Maize,3227.12
Silty,8.23,4.51,180,133,83,418,19.8,Rice,532.11
Clayey,8.32,3.91,117,110,73,1491,30.7,Rice,4929.19
Clayey,6.39,2.89,92,100,258,1610,34.1,Soybean,3372.96
Loamy,6,0.58,137,103,255,935,30,Wheat,999.26
Loamy,7.49,0.52,166,115,285,1196,19.2,Wheat,1748.06
Sandy,7.68,3.8,67,125,228,373,23.1,Rice,2751.47
Silty,6.48,1.52,108,130,169,1495,22.9,Rice,1267.15
Silty,6.41,4.45,146,102,74,1096,36.1,Soybean,1371.97
Silty,7.24,1.9,148,81,166,1705,35,Soybean,3824.67
Clayey,6.88,0.96,83,74,129,588,21.8,Maize,3524.79
Clayey,5.53,2.77,77,116,225,486,32.4,Rice,3213.38
Silty,5.29,1.88,54,85,214,273,24.1,Wheat,1289.88
Sandy,5.28,0.79,101,112,231,595,28.4,Maize,3146.74
Clayey,8.22,0.71,183,135,246,251,23.8,Soybean,3856.88
Sandy,8.41,4.77,179,134,169,1674,18.6,Soybean,1073.44
Clayey,5.54,2.55,157,121,170,1414,18.4,Maize,4701.04
Loamy,6.14,2.84,88,20,109,688,22,Cotton,4349.66
Loamy,7.05,2.86,74,28,292,1201,34.5,Rice,4464.51
Silty,7.67,2.45,95,92,107,996,25.3,Maize,3780.04
Loamy,7.27,3.59,171,24,86,329,38,Wheat,1734.48
Clayey,7.25,1.1,59,54,270,1823,19.1,Maize,4314.5
Clayey,6.09,4.98,186,97,279,1307,20.4,Cotton,604.03
Loamy,6.53,2.71,178,21,207,1517,27.6,Rice,4864.15
Loamy,8.34,3.88,80,96,116,830,35.8,Soybean,3549.81
Loamy,5.84,1.24,73,76,283,1223,34.9,Soybean,3265.05
Silty,5.86,4.58,173,74,143,1293,29,Soybean,3563.06
Loamy,8.24,4.15,83,100,150,1908,32.2,Soybean,4473.96
Clayey,5.41,0.59,188,25,96,1862,38.8,Maize,508.8
Loamy,7.14,1.51,50,90,229,1120,36.2,Cotton,2422.02
Silty,5.19,4.93,160,150,284,233,32.8,Cotton,3528.95
Silty,7.33,1.45,183,59,220,275,32.6,Soybean,3425.14
Clayey,7.3,0.6,157,44,134,894,35.1,Wheat,4342.37
Clayey,5.61,2.77,144,29,251,314,25.4,Soybean,1953.5
Loamy,5.04,1.05,61,137,270,891,37.9,Maize,4299.54
Clayey,5.48,3.7,185,111,275,1813,17.9,Cotton,2330.94
Sandy,5.04,4.06,159,59,133,1676,18.3,Rice,1047.73
Clayey,6.74,2.19,108,55,166,287,15.4,Soybean,2832.33
Sandy,6.21,3.38,173,87,174,1030,23.7,Soybean,2730.09
Sandy,6.81,3.97,147,113,57,442,32.3,Wheat,2827.66
Clayey,7.88,3.3,139,83,66,633,18.5,Wheat,695.59
Sandy,5.91,3.17,200,79,171,1852,26,Cotton,3745.49
Clayey,6.3,0.72,197,85,78,1539,39.7,Maize,711.34
Clayey,7.62,0.99,75,96,139,1566,28.1,Soybean,4632.76
Silty,8.06,4.26,158,43,172,1271,39.3,Rice,2895.85
Sandy,7.57,0.72,84,122,168,1138,19.3,Rice,1923.09
Sandy,5.41,1.02,115,75,266,1588,22.6,Soybean,2263.36
Loamy,8.15,2.5,172,39,93,1982,33.6,Cotton,2006.18
Clayey,6.17,1.06,109,103,122,1990,18,Cotton,4460.44
Silty,6.5,1.64,71,143,246,1298,18.2,Wheat,4134.53
Silty,6.83,3.66,122,64,139,505,32.4,Maize,4956.19
Loamy,5.92,1.42,189,144,204,1717,32.2,Soybean,1515.33
Sandy,8.41,3.59,154,44,197,1386,22.7,Soybean,3602.97
Silty,7.2,0.54,115,96,82,677,20.2,Wheat,4809.99
Sandy,6.74,2.39,98,29,180,347,39.5,Soybean,4626.48
Silty,6.79,0.95,51,117,76,275,25.6,Maize,1385.95
Silty,5.19,2.84,51,40,153,1706,34.1,Rice,1981.51
Clayey,8.01,3.3,197,34,259,489,17.8,Rice,782.8
Sandy,5.58,3.65,183,105,232,1201,15.5,Maize,3313.83
Silty,5.55,2.38,80,109,253,1539,27.1,Rice,625.43
Clayey,7.71,4.54,183,131,77,239,25.8,Cotton,2443.77
Silty,8.13,2.8,51,126,133,1165,19.9,Soybean,608.11
Clayey,7.36,3.28,146,50,192,1466,15.8,Maize,4087.49
Clayey,5.4,1.77,102,78,216,293,31.5,Cotton,4707.77
Sandy,7.59,4.03,130,22,68,697,29.8,Wheat,4282.28
Clayey,5.01,2.74,154,117,252,1636,26.7,Cotton,1612.19
Silty,8.01,3.24,142,33,127,1528,37.7,Wheat,2631.09
Loamy,5.04,4,77,98,186,467,16.1,Wheat,4814.61
Silty,5.16,4.24,89,30,168,229,22.5,Cotton,4246.33
Silty,6.27,4.88,159,101,152,552,15.3,Wheat,4197.35
Clayey,8.22,2.11,199,58,201,1495,17.4,Cotton,2838.54
Silty,5.63,2.34,114,103,155,302,18.1,Soybean,1565.35
Clayey,8.36,1.22,116,148,111,829,30,Soybean,828.1
Sandy,5.12,2.97,187,76,208,1880,29.7,Wheat,3199.84
Clayey,7.81,4.6,158,59,112,1825,20,Soybean,2473.38
Sandy,7.5,3.6,194,32,190,399,31.8,Cotton,930.52
Loamy,7.29,2.66,143,120,90,1134,15.7,Maize,2509.05
Silty,5.79,1.56,120,134,299,1451,18.6,Maize,1061.72
Sandy,5.87,0.56,151,149,173,549,33.7,Maize,4885.37
Loamy,8.21,0.9,102,43,148,1910,21.9,Cotton,4625.21
Clayey,6.12,1,155,76,66,1410,29.5,Wheat,2198.28
Loamy,7.89,3.08,191,130,137,330,23.8,Cotton,4505.38
Sandy,7,2.72,192,94,103,1874,36.4,Wheat,3620.14
Silty,5.42,4.77,173,120,258,1874,34.5,Wheat,4021.91
Loamy,7.36,4.01,95,57,227,417,30.3,Soybean,779.01
Loamy,5.18,0.84,144,53,201,433,27.6,Rice,4110.74
Clayey,5.78,3.76,193,106,160,1218,16.7,Rice,746.55
Clayey,6.81,4.57,192,41,250,1418,35.5,Soybean,3248.32
Silty,5.16,3.4,173,141,300,1836,34.1,Wheat,2443.28
Clayey,6.4,2.56,114,32,161,1460,28.2,Wheat,958.22
Sandy,8.07,4.9,128,122,195,651,32.9,Soybean,751.05
Sandy,8.03,1.69,197,87,251,329,39.1,Maize,734.91
Loamy,7.71,0.73,138,41,137,1847,19.3,Maize,4324.68
Clayey,6.09,4.16,151,122,189,615,33.9,Cotton,2307.57
Clayey,5.3,4.43,85,148,227,1072,15.1,Soybean,3277.86
Loamy,6.6,4.34,80,131,110,890,33.1,Soybean,2349.99
Silty,6.29,2.12,108,53,94,1861,38.1,Cotton,4390.62
Clayey,6.02,3.55,164,54,219,1911,38,Maize,4043.64
Clayey,7.75,2.42,91,143,221,1711,36.3,Maize,3308.04
Silty,7.59,1.02,75,70,69,1589,26.9,Rice,2540.35
Clayey,5.85,4.33,104,144,239,1023,32.5,Rice,2588.94
Sandy,6.29,4.51,180,121,288,864,19.6,Rice,2426.48
Sandy,8.4,0.54,152,70,232,447,31.8,Wheat,3290.95
Silty,8.49,1.12,136,83,196,1601,17.7,Cotton,955.75
Silty,7.72,3.41,190,82,264,1379,35.9,Maize,3429.15
Sandy,7.56,1.98,63,38,174,1317,39.5,Wheat,3540.99
Sandy,6.91,4.53,91,88,79,481,25.6,Soybean,616.87
Sandy,7.79,4.8,149,130,201,858,27.9,Cotton,2827.46
Sandy,5.53,1.71,51,102,202,1913,25.2,Wheat,3145.16
Silty,8.26,3.8,73,42,168,1824,34,Wheat,986.03
Silty,5.08,2.18,87,48,133,636,22.9,Soybean,555.3
Loamy,6.9,2.04,170,125,192,1765,26.6,Wheat,3709.85
Silty,7.23,1.01,161,128,74,293,28,Wheat,3167.99
Sandy,7.43,2.3,72,113,260,1414,27.4,Rice,4283.51
Clayey,5.03,2.55,66,109,163,555,24,Soybean,4569.66
Sandy,6.17,4.26,117,68,95,887,22.2,Soybean,1066.92
Sandy,7.66,3.6,106,102,128,329,33.1,Soybean,2790.04
Silty,6.32,2.65,144,108,294,447,17.1,Cotton,2099.26
Loamy,7.58,2.4,70,26,153,760,27.3,Soybean,2666.3
Clayey,6.08,4.49,59,98,67,489,24.6,Maize,3293.83
Clayey,5.72,1.25,148,63,203,1751,26.4,Cotton,1336.66
Loamy,8.44,1.1,152,109,77,1050,33.4,Cotton,1119.53
Sandy,6.47,3.77,183,133,225,544,32.2,Maize,698.32
Silty,8.36,4.92,123,57,258,1626,36,Soybean,1074.56
Sandy,8.4,4.3,64,132,202,957,20.6,Maize,3130.35
Clayey,5.5,0.97,94,31,247,1333,25.2,Wheat,2809.07
Clayey,5.98,4.6,176,79,259,537,39.6,Rice,3432.67
Sandy,5.15,2.67,162,71,147,1098,25.7,Rice,2109.85
Clayey,5.81,3.06,52,115,133,698,36.4,Wheat,3126.5
Silty,7.96,2.47,101,59,176,1391,37.4,Rice,2935.15
Clayey,6.45,3.25,182,41,215,283,35.1,Wheat,1155.31
Silty,8.13,4.01,123,48,219,473,38.5,Wheat,2612.86
Sandy,6.6,3.25,99,33,65,404,24.2,Rice,3214.98
Sandy,7.62,4.38,58,82,73,1820,15.3,Wheat,1809.79
Silty,7.03,4.46,180,57,105,1935,31.9,Rice,4866.22
Silty,6.77,3.77,182,93,259,1494,31.8,Soybean,2829.56
Silty,7.23,4.51,109,23,85,1454,24.9,Rice,3459.55
Clayey,6.38,2.67,93,107,277,970,28.1,Rice,1150.7
Sandy,7.07,2.7,59,48,198,1792,31.9,Soybean,1568.24
Clayey,5.22,4.49,142,98,281,523,18,Cotton,4186.33
Clayey,7.32,2.48,111,135,243,232,24.9,Rice,3017.52
Silty,5.46,0.79,50,140,212,1197,32.4,Wheat,745.73
Clayey,6.02,3.45,90,25,257,365,39.4,Maize,2047.17
Loamy,7.98,0.56,72,104,50,213,33.5,Soybean,4894.3
Loamy,8.24,4.41,120,73,243,214,37.3,Rice,3382.5
Loamy,6.38,2.86,152,74,87,567,19.2,Soybean,1405.68
Loamy,7.91,3.85,140,72,219,382,24.1,Soybean,807.82
Loamy,6.14,3.76,151,86,88,1647,20,Wheat,1352.1
Silty,6.58,1.51,153,143,165,1534,20,Wheat,2640.76
Clayey,5.82,4.8,200,56,186,1415,36.1,Rice,3613.28
Clayey,8.3,4.43,101,24,124,781,25.1,Rice,2603.31
Loamy,5.48,2.84,182,116,149,1052,20.8,Soybean,3615.86
Clayey,7.7,3.6,53,31,207,1620,25.6,Soybean,4334.04
Loamy,5.38,3.28,67,85,197,1853,27.5,Soybean,3047.44
Clayey,5.37,2.45,73,63,164,1822,34.1,Wheat,2010.47
Silty,6.57,3.77,190,35,100,1782,34.1,Soybean,1848.34
Sandy,6.1,2.67,122,92,102,1174,29.8,Cotton,1978.79
Loamy,5.42,3.49,193,71,224,1617,33.9,Rice,971.82
Silty,6.25,3.39,199,89,274,459,35,Rice,4442.47
Silty,7.7,1.17,139,33,131,622,38.6,Maize,4597.44
Loamy,6.58,4.22,138,139,126,493,23.9,Cotton,2731.69
Loamy,6.62,4.51,120,22,195,1510,31.7,Soybean,4639.79
Silty,7.98,3.26,107,37,253,754,38.8,Wheat,3374.45
Loamy,5.32,0.55,99,119,283,1271,39.7,Maize,3619.49
Loamy,7.83,4.7,166,89,223,1122,27.8,Wheat,2599.42
Sandy,6.06,2.78,153,112,127,1043,18.7,Wheat,1459.12
Sandy,7.47,2.61,197,47,285,689,26.4,Soybean,2663.36
Loamy,7.11,2.73,51,24,291,557,18.1,Soybean,3957.57
Silty,5.75,1.24,116,94,289,1450,27.2,Soybean,4165.94
Clayey,8,3.88,94,118,161,1616,20.8,Cotton,4132.72
Loamy,5.52,1.94,154,79,233,277,38.6,Cotton,2191.6
Loamy,7.49,1.99,179,117,284,1421,15.7,Cotton,2301.41
Clayey,8.39,1.75,77,150,138,568,33.4,Maize,4217.38
Clayey,6.39,2.78,193,45,72,1668,35.8,Wheat,530.26
Clayey,5.17,2.98,68,100,199,1223,27.5,Soybean,544.51
Sandy,6.05,2.2,178,144,52,1453,15.7,Soybean,2110.49
Sandy,7.87,4.18,125,42,206,380,19.5,Soybean,2996.11
Sandy,5.61,0.85,137,67,180,1484,30.1,Cotton,1140.81
Silty,8.33,2.5,79,70,153,1892,23.2,Cotton,2481.84
Loamy,7.99,3.08,181,148,266,1802,22.6,Cotton,3341.01
Sandy,6.95,0.9,115,137,82,816,30.6,Soybean,4607.19
Silty,6.93,2.74,187,25,268,912,34,Rice,2119.59
Silty,5.33,1.92,197,30,125,1057,31.5,Wheat,4888.89
Clayey,5.36,4.91,114,83,65,209,28,Cotton,1396.05
Clayey,7.78,3.85,163,98,144,1342,27.3,Wheat,1778.45
Sandy,5.43,0.58,146,105,280,682,26.7,Soybean,1485.25
Loamy,5.22,2.32,194,145,190,593,22.3,Cotton,1678.99
Loamy,7.73,0.66,173,120,297,440,27.4,Maize,1284.28
Loamy,5.78,2.97,112,60,63,1285,27.6,Cotton,4313.9
Silty,5.69,4.22,136,24,50,395,28.6,Wheat,1606.84
Silty,6.4,4.06,167,108,230,1467,35.2,Maize,1381.94
Silty,7.4,4.83,167,110,193,941,28.5,Soybean,1292.35
Silty,8.28,3.37,200,110,260,1966,15.4,Soybean,1678.05
Loamy,5.29,4.51,57,97,300,1758,34.1,Wheat,955.36
Loamy,7.05,3.03,173,80,141,1305,39.8,Soybean,4241.51
Clayey,8.21,3.45,79,148,78,1239,37,Cotton,1117.6
Loamy,5.26,2.55,116,90,270,649,18,Maize,3446.91
Silty,8.49,2.03,67,35,122,1150,26.3,Soybean,4482.55
Silty,5.69,4.21,147,85,271,1777,36.3,Soybean,2022.72
Sandy,7.26,4.17,106,119,57,1482,26.1,Wheat,1446.07
Loamy,7.83,4.3,108,27,110,1550,15.9,Rice,2552.92
Loamy,5.32,1.99,130,91,160,626,19.4,Maize,2163.38
Clayey,7.97,3.95,155,77,229,766,31.5,Rice,2175.58
Clayey,7.83,3.2,140,58,201,308,34.5,Soybean,1271.12
Silty,5.43,3.72,182,107,150,596,37.1,Maize,2871.17
Sandy,8.3,2.13,187,120,210,430,19.1,Soybean,4095.6
Loamy,5.18,2.54,52,55,131,1831,25.8,Rice,3304.42
Loamy,8.23,0.94,117,42,232,505,22.8,Cotton,2451.73
Sandy,6.52,3.47,113,117,147,1603,24.7,Rice,3699.24
Loamy,7.54,0.51,123,78,153,1928,34.1,Cotton,1033.22
Clayey,6.74,2.1,73,126,147,1171,29.2,Maize,4472.25
Sandy,6.34,3.35,152,81,161,1218,27.3,Cotton,1088.58
Loamy,6.49,4.1,137,59,189,561,28.8,Soybean,1353.39
Clayey,6.24,2.96,69,129,104,527,28.5,Rice,2896.5
Clayey,8.18,2.18,191,99,219,1572,26.7,Maize,3624.59
Silty,5.96,0.98,95,104,94,288,29.1,Soybean,1930.78
Loamy,6.56,4.54,171,134,171,310,18.9,Soybean,2432.93
Sandy,5.52,2.72,130,53,85,1520,16.4,Maize,3362.64
Clayey,7.15,4.2,140,72,98,945,21.6,Soybean,4644.56
Clayey,7.16,3.84,105,55,192,783,29.8,Rice,3933.87
Silty,7.27,2.34,196,71,148,629,24.4,Cotton,3142.97
Sandy,6.75,1.64,118,55,265,1090,31.9,Rice,4344.96
Silty,8.09,1.38,96,99,286,714,34.2,Maize,1823.82
Clayey,6.68,1.04,98,54,142,884,22.1,Wheat,1168.55
Loamy,5.31,4.33,177,130,265,1463,16.5,Soybean,1612.27
Sandy,6.34,1.47,101,57,156,1848,29.8,Rice,3332.57
Loamy,6.47,4.21,110,60,89,1753,18.2,Rice,1760.33
Loamy,7.25,1.36,111,101,123,1128,24.2,Rice,1069.06
Silty,7.79,2.02,117,37,273,288,35.2,Rice,2787.21
Clayey,5.87,3.91,102,50,221,413,29.6,Cotton,3128.37
Loamy,8.48,0.71,108,67,82,1716,34.1,Soybean,2700.46
Sandy,6.9,3.35,101,101,84,307,30.6,Wheat,3772.84
Silty,5.07,3.52,113,57,52,1300,24.5,Soybean,4030.99
Sandy,6.34,1.05,141,27,68,560,25.7,Soybean,4059.49
Loamy,7.5,4.51,89,101,215,523,39.8,Maize,3266.99
Sandy,6.68,2.56,77,125,54,1808,25.3,Rice,1253.45
Silty,7.74,3.15,80,125,86,259,16.4,Rice,2246.52
Silty,6.2,2.77,70,97,234,1193,21.1,Cotton,4470.9
Clayey,6.98,4.84,176,133,276,1254,20.9,Wheat,3880.11
Sandy,6.13,0.52,51,90,174,437,22.8,Wheat,2184.2
Silty,5.95,3.81,188,58,218,345,17.1,Maize,2835.02
Silty,5.09,2.99,60,68,161,681,32.2,Maize,1305.49
Clayey,7.09,2.45,173,47,299,1677,36.7,Maize,3706.19
Silty,5.1,3.13,145,53,84,1110,17.9,Rice,2864.64
Loamy,7.84,4.66,130,67,71,1413,19.2,Rice,2674.84
Sandy,5.98,4.01,176,26,85,1387,28.5,Cotton,4800.88
Clayey,7.83,4.6,197,88,214,867,15.9,Wheat,2631.91
Loamy,6.65,3.61,120,79,256,1058,31.4,Wheat,3115.34
Loamy,6.25,1.28,175,79,156,607,25.6,Maize,3371.48
Sandy,7.04,4.17,96,79,270,1730,27.9,Soybean,4057.81
Clayey,5.81,0.97,180,26,166,1586,25.5,Wheat,3423.82
Silty,5.56,3.46,121,111,278,867,15.5,Cotton,1432.4
Clayey,5.87,3.23,151,40,251,671,26.7,Rice,4526.98
Silty,5.84,1.95,106,142,228,1795,15.6,Wheat,2534.36
Sandy,6.87,4.47,197,54,204,425,22.9,Cotton,1554.73
Sandy,7.77,2.38,82,148,288,867,29.3,Rice,1483.67
Loamy,7.58,3.24,63,140,158,666,23.1,Soybean,2412.6
Loamy,7.67,3.62,184,115,209,400,17.4,Maize,2196.87
Loamy,8.32,1.62,158,67,96,685,27.2,Maize,1207.44
Sandy,7.01,2.29,172,119,166,1710,32.3,Maize,4290.94
Silty,8.44,2.04,188,145,180,1044,20.1,Wheat,1645.38
Sandy,6.36,1.82,58,141,158,1981,27.4,Cotton,881.42
Sandy,8.27,4.12,178,55,191,609,35.3,Maize,3882.3
Loamy,8.47,1.12,138,61,259,969,31.7,Rice,1827.72
Clayey,5.61,3.21,150,69,165,651,19.2,Cotton,2834.69
Loamy,5.83,4.49,94,77,148,350,22.5,Cotton,1535.8
Clayey,6.11,2.81,167,28,140,1164,39.2,Wheat,685.14
Silty,7.58,4.29,80,124,107,1398,20,Wheat,2805.18
Silty,6.26,2.97,182,23,97,1192,30.9,Soybean,2013.68
Silty,7.07,1.91,167,89,158,311,39.4,Soybean,2530.18
Loamy,7.46,3.82,130,125,204,1092,16.9,Wheat,2446.28
